SubjectID,x1,x2,x3,x4,x5,x6,x7,x8,x9,x12,x14,x16,x17,L_a1,L_a2,L_a3,L_a4,L_a5,L_a6,L_a7,L_a8,L_a9,L_d1,L_d2,L_d3,L_d4,L_d5,L_d6,L_d7,L_d8,L_theta1,L_theta2,R_a1,R_a2,R_a3,R_a4,R_a5,R_a6,R_a7,R_a8,R_a9,R_d1,R_d2,R_d3,R_d4,R_d5,R_d6,R_d7,R_d8,R_theta1,R_theta2
nh2,15,24,20.5,3.44,2.63,11.1,2.9,11.6,29.7,39.3,181,59,102,2.05,0.8,0.56,0.69,0.58,1.6,2,0.58,0.89,1.9,0.72,1.6,2,6.31,2.9,0.56,1.5,0.506145483078,0.605915996674,2.05,0.95,0.55,0.8,0.59,1.7,1.14,0.49,0.82,1.9,0.88,1.6,2.1,6.5,3.1,0.6,1.6,0.471238898038,0.597868795302
nh4,15.7,22.7,18.8,2.45,1.8,11.1,3.5,11.8,29.3,42,171,57,106.5,1.72,0.54,0.72,0.91,0.7,1.81,1.94,0.39,1.11,2.1,1,1.9,1.8,6.62,3.2,0.68,1.21,0.366519142919,0.645838463321,1.89,0.72,0.65,0.8,0.54,1.99,1.54,0.34,1.09,2.15,1.1,1.71,1.9,6.95,3.2,0.6,1.92,0.488692190558,0.709866453385
nh5,15.7,23,21,1.95,3.6,11.7,3.3,11.2,31,44.5,168,58,101,1.45,1.1,0.9,0.8,0.8,1.8,1.7,0.6,1.15,1.8,1.05,2,1.9,6.1,2.8,0.85,1.2,0.575958653158,0.643501108793,1.4,1,0.7,0.8,0.6,1.9,1.9,0.4,1.3,1.8,1,2.1,1.8,5.95,2.95,0.7,1.25,0.523598775598,0.685729510906
nh12,15.4,23.3,18.5,3.72,3.4,12.7,6.69,12.7,35.8,43.6,186,59,114.5,1.74,0.69,0.59,0.77,0.61,1.92,1.44,0.79,1,NaN,NaN,1.46,1.94,6.47,NaN,0.46,1.49,0.383972435439,0.776802386571,1.68,0.73,0.57,0.79,0.67,1.35,1.65,0.62,0.9,NaN,NaN,1.64,2.08,6.41,NaN,0.49,1.32,0.471238898038,0.770014761617
nh14,15.4,21.6,18.2,1.57,2.525,11.2,3.5,11,31,39.6,176,54.5,97,2.08,0.79,0.56,0.8,0.52,1.24,1.59,0.4,0.9,NaN,NaN,1.9,2.36,6.45,NaN,0.69,0.92,0.523598775598,0.570992016927,1.81,0.71,0.62,0.79,0.6,1.15,1.85,0.48,0.95,NaN,NaN,1.8,2.2,6.2,NaN,0.66,1.22,0.610865238198,0.6884462244
nh15,15.4,23.2,19.7,1.35,1.28,10.9,6.2,11.6,31.6,43.1,188,60,111,2.25,0.62,0.51,0.81,0.57,1.5,1.85,0.51,0.71,NaN,NaN,1.65,1.64,7.2,NaN,0.64,1.19,0.558505360638,0.509707194127,2.34,1.03,0.71,0.71,0.71,1.15,0.85,0.32,0.78,NaN,NaN,1.71,1.8,6.95,NaN,0.6,1.08,0.645771823238,0.588002603548
nh18,15.2,22,18.2,1.255,1.005,12.5,5.6,11.7,32,46.5,167,55,107,1.84,0.66,0.54,0.82,0.5,1.05,1.74,0.38,1.1,1.9,1,1.59,1.71,6.36,2.65,0.5,0.79,0.453785605519,0.550549399784,1.95,0.76,0.72,0.99,0.6,0.78,1.35,0.4,0.8,1.75,0.81,1.8,1.76,6.41,2.85,0.56,0.9,0.401425727959,0.633354895534
nh19,15.6,20.7,18.5,2.44,3.35,11,7,11.6,5.2,43.5,180,54,105,2.3,0.864,0.6,0.5,0.51,1.1,1.9,0.51,1.15,1.6,0.9,2.04,1.57,6.4,2.9,0.72,1.25,0.453785605519,0.629200653559,2.24,0.8,0.99,0.89,0.74,1.49,2.29,0.72,1,1.8,0.9,1.9,1.5,6.56,2.6,0.55,1.48,0.366519142919,0.640872993951
nh39,14.3,19,19.2,3.325,1.975,8.5,7.67,12,27.5,39.8,171,55.5,93,1.86,0.56,0.56,0.64,0.5,1.45,1.17,0.46,0.62,NaN,NaN,1.5,2.22,6.09,NaN,0.72,1.77,0.436332312999,0.64694541205,1.76,0.71,0.58,0.68,0.47,1.79,1.59,0.39,0.72,NaN,NaN,1.82,2.24,6.27,NaN,0.68,1.68,0.418879020479,0.64432111681
nh42,14.3,18.5,19.3,2.2,1.65,8.3,4,10.4,27.8,37.5,166,58,99,1.45,0.55,0.5,0.71,0.44,1.05,1.5,0.45,1,1.65,0.79,1.7,1.06,4.8,2.81,0.5,1.6,0.488692190558,0.551654982529,1.35,0.68,0.7,0.6,0.58,1.8,1.8,0.45,0.9,1.8,0.6,1.68,0.9,5.26,2.5,0.56,1.2,0.506145483078,0.380506377112
nh43,15.3,21.4,19.1,2.4,0.75,10.8,4,10.7,25.9,38.9,166,56,102,1.85,0.6,0.5,0.75,0.6,1,1.8,0.6,1.15,NaN,NaN,1.5,1.1,6.3,NaN,0.7,1.4,0.383972435439,0.521834279814,1.8,0.7,0.65,0.6,0.6,1.9,1.65,0.6,1.3,NaN,NaN,1.9,1.8,6.4,NaN,0.8,1.7,0.209439510239,0.728854726453
nh46,14.6,22.8,20.7,3.59,3.64,11.6,4.4,11.4,33.3,43.9,182,62,111.5,1.56,0.73,0.59,0.82,0.71,1.42,3.16,0.9,0.96,NaN,NaN,1.53,2.12,6.44,NaN,0.48,1.66,0.488692190558,0.702919036908,1.63,0.8,0.53,0.77,0.73,1.64,2.49,0.87,0.9,NaN,NaN,1.32,2.12,6.58,NaN,0.54,1.78,0.506145483078,0.853892432303
nh52,15.7,21.3,19.5,3.875,3.35,11.6,4.3,12.5,28.9,43,181,59,106,1.88,0.71,0.54,0.88,0.6,1.18,1.43,0.91,1.34,NaN,NaN,1.7,1.98,6.55,NaN,0.71,1.6,0.331612557879,0.567666424372,1.98,0.98,0.51,0.75,0.58,0.97,1.54,1,1.14,NaN,NaN,1.65,1.77,6.6,NaN,0.6,1.91,0.296705972839,0.573698402111
nh57,16.2,22.3,20.5,3.55,1.7,12.3,6.4,15,30.5,42.6,171,62,108,1.85,0.66,0.63,0.78,0.65,0.88,1.58,0.54,1.13,NaN,NaN,1.89,2,6.84,NaN,0.58,1.58,0.349065850399,0.426806865322,2.1,0.66,0.74,0.8,0.64,1.19,2.14,0.52,1.03,NaN,NaN,2.2,2,7.01,NaN,0.66,1.7,0.401425727959,0.532568126987
nh66,15.6,23.1,19.4,3.515,0.239,11.1,3.3,12.2,33.4,44.6,185,59,116,1.75,0.71,0.61,0.71,0.56,1.21,1.9,-0.4,1,NaN,NaN,1.81,1.8,6.19,NaN,0.62,0.99,0.453785605519,0.717149893676,1.71,0.69,0.59,0.71,0.6,1.15,1.94,-0.6,1.2,NaN,NaN,1.7,1.78,6.1,NaN,0.65,1.1,0.855211333477,0.625667571952
nh68,14.6,18.7,16.3,1.41,2.25,10.1,5.7,14.5,25,38,167,47,87,2.08,0.7,0.59,0.62,0.48,1.62,2.05,0.41,1,NaN,NaN,1.44,1.84,6.3,NaN,0.52,1.12,0.488692190558,0.687446738755,2.04,0.83,0.78,0.61,0.6,1.4,2.3,0.6,1,NaN,NaN,1.38,1.83,6.5,NaN,0.5,1.19,0.506145483078,0.756834505559
nh72,16.4,21.3,18.2,3.589,1.1,10.8,2.2,11.6,32.7,42.4,182,58.5,103.5,1.46,0.68,0.59,0.75,0.46,0.97,1.6,0.72,0.93,NaN,NaN,1.43,2.41,6.04,NaN,0.54,1.14,0.244346095279,0.732815101787,1.52,0.72,0.62,0.74,0.54,0.84,1.88,0.73,1.12,NaN,NaN,1.53,2.67,6.04,NaN,0.53,1.21,0.331612557879,0.677094670224
nh90,16.5,23.5,20.22,2.02,3.25,12.2,3.2,12.1,30.9,47.7,178,61,124.7,2.1,0.5,0.69,0.71,0.66,1.1,2.45,0.81,1.5,1.96,1.8,1.73,1.79,6.5,2.8,0.6,1.31,0.471238898038,1.00564688679,2.2,0.61,0.71,0.75,0.85,1,2.21,0.49,1.1,1.92,1.89,1.5,1.6,6.49,2.88,0.5,1.59,0.383972435439,1.03436086919
nh92,15.3,23.1,20,2.325,2.97,11.4,6.7,12.1,34.2,41.8,178,59,104,1.6,0.75,0.5,0.75,0.54,1.9,2,0.7,1,1.9,0.48,1.7,1.5,5.8,2.9,1.8,1.2,0.453785605519,0.551654982529,1.9,0.7,0.4,0.71,0.51,2.3,2.4,0.55,1.35,2.01,0.57,1.7,1.75,5.85,3.08,0.6,1.45,0.349065850399,0.724250000748
nh102,15.9,23.8,19.3,2.06,1.77,10.8,5.42,11.2,29.2,40.2,168,56.5,103,1.54,0.59,0.61,0.82,0.56,0.94,1.6,0.62,1.21,NaN,NaN,1.48,1.52,6.04,NaN,0.59,1.68,0.314159265359,0.551298772617,1.59,0.45,0.68,0.69,0.7,1.19,1.41,0.9,1.1,NaN,NaN,1.56,1.9,6.2,NaN,0.49,1.32,0.453785605519,0.732815101787
nh103,15,20.4,19.7,2.42,3,10.8,5.1,12,28.7,42,171,57,104,1.72,0.71,0.58,0.75,0.53,1.18,2,0.71,1.32,NaN,NaN,1.7,1.84,6.12,NaN,0.69,1.42,0.471238898038,0.935584731438,1.86,0.9,0.68,0.68,0.51,1.05,2.05,0.69,1.43,NaN,NaN,2.01,2.1,6.65,NaN,0.71,1.73,0.453785605519,0.713665166723
nh104,15.1,23.7,19.7,1.775,4.175,13,3.99,11.7,31,44.8,178,57.7,74,2.1,0.55,0.71,0.75,0.54,1.05,2.14,0.83,1.2,NaN,NaN,1.76,1.62,6.88,NaN,0.8,1.71,0.366519142919,0.632748835002,2.08,0.81,0.95,0.7,0.57,1.39,2.29,0.79,1.11,NaN,NaN,1.22,2,7.24,NaN,0.61,1.61,0.541052068118,0.688144965146
nh110,15.1,22.4,18.8,2.12,3.64,13.4,6.9,13.3,36.5,46.3,184,56,123,1.68,0.79,0.8,0.79,0.6,1.64,1.9,0.55,1.29,NaN,NaN,1.92,2.31,6,NaN,0.72,1.4,0.610865238198,0.70545023925,1.42,0.9,0.84,0.7,0.54,1.8,1.55,0.5,1.7,NaN,NaN,1.69,1.68,6,NaN,0.71,1.66,0.558505360638,0.864636374842
nh115,14.4,20.9,17.8,1.85,2.79,9.8,2.3,10,21.1,33.1,159,51,86,2.06,0.66,0.7,0.94,0.62,1.42,1.78,0.56,0.99,NaN,NaN,1.6,1.42,5.3,NaN,0.42,1.28,0.383972435439,0.569611053926,2,0.6,0.92,0.7,0.71,1.25,1.91,0.41,0.9,NaN,NaN,1.7,1.35,5.6,NaN,0.61,1.3,0.366519142919,0.534070379237
nh120,15.8,23.4,20,1.15,2.9,11.1,2.2,11.4,25.8,39.6,178,58,100,1.8,0.5,0.74,0.69,0.7,1.3,1.09,0.38,1.1,1.9,0.55,1.7,1.9,6.15,3.05,0.7,1.5,0.366519142919,0.636579395231,1.8,0.6,0.62,0.71,0.66,1.49,1.52,0.58,0.95,2.06,0.74,1.7,1.8,6.35,3.14,0.64,1.38,0.401425727959,0.683541928943
nh122,16,21.2,17.1,1.77,1.3,10.8,4.1,11.1,24.7,35.7,160,54,86,1.6,0.5,0.38,0.49,0.38,1,1.8,0.6,0.91,NaN,NaN,1.5,1.46,5.63,NaN,0.65,1.05,0.453785605519,0.770859607853,1.56,0.5,0.4,0.48,0.45,1.5,1.35,0.65,0.8,NaN,NaN,1.62,1.35,5.45,NaN,0.7,1.5,0.418879020479,0.712357598094
nh123,16.3,23.2,18.9,2.645,3.05,12.3,2.1,13,29.8,38.9,169,59,106,2.54,0.55,0.5,0.59,0.51,1.49,1.91,0.6,1.21,NaN,NaN,1.42,1.9,7.12,NaN,0.6,1.3,0.471238898038,0.638160157114,2.3,0.7,0.8,0.62,0.7,1.96,2.32,0.79,1.1,NaN,NaN,1.45,1.79,7,NaN,0.69,1.85,0.453785605519,0.702746647435
nh128,15,21.9,20,3.045,3.055,11.2,4.5,12.9,29,40.1,183,57,102.5,1.99,0.89,0.6,0.85,0.53,1.4,1.88,0.55,1.5,NaN,NaN,1.85,1.68,7.4,NaN,0.56,1.4,0.471238898038,0.69676987611,2.23,1,0.58,0.65,0.59,1.6,1.85,0.71,1.2,NaN,NaN,2.01,1.82,7.2,NaN,0.45,1.38,0.471238898038,0.618076521128
nh129,15.6,24.5,20.4,1.5,1.85,11.5,8.1,11.5,30.4,44,173,59,108,2.29,0.6,0.75,0.95,0.79,1.2,1.53,0.6,0.98,1.72,0.7,1.68,1.58,6.2,2.9,0.55,1.15,0.453785605519,0.554307496202,2.1,0.72,0.7,0.71,0.78,1.38,1.9,0.6,1.1,1.8,0.7,1.64,1.5,6.31,2.95,0.49,1.11,0.383972435439,0.607184902703
nh130,14.8,21.8,18.5,0.915,1.23,10.8,5.7,11,27.8,40,173,55,104,2.22,0.79,0.49,0.9,0.59,1.6,1.1,0.7,0.9,NaN,NaN,1.45,1.85,6.8,NaN,0.51,1.19,0.383972435439,0.400722662138,2.02,0.74,0.68,0.65,0.64,1.4,2.08,0.56,1.08,NaN,NaN,1.71,1.9,6.58,NaN,0.56,1.29,0.401425727959,0.546713123467
nh131,16.2,24.9,19.8,2.475,1.4,12.4,4.6,13,34.1,43,188,59,112,1.5,0.58,0.65,0.8,0.6,0.6,1.41,0.8,0.88,NaN,NaN,1.21,1.18,5.64,NaN,0.4,1,0.418879020479,0.380506377112,1.72,0.7,0.89,0.85,0.64,1.3,1.65,0.5,0.8,NaN,NaN,1.3,1.1,5.55,NaN,0.42,0.85,0.523598775598,0.481938251958
nh132,15.1,21.4,19.5,1.45,1.3,10.6,3.9,9.8,27.3,38.8,170,57,97,1.45,0.7,0.55,0.6,0.6,1.2,1.8,0.59,1.15,NaN,NaN,1.81,1.9,5.95,NaN,0.7,1.68,0.383972435439,0.576375220591,1.6,0.7,0.7,0.64,0.64,1.58,1.9,0.7,1.24,NaN,NaN,2,1.65,5.7,NaN,0.6,1.4,0.401425727959,0.701625219654
nh133,14.9,20.5,19.2,2.25,1.15,10.8,4.5,10.5,23.8,38.7,163,57,96,1.9,0.6,0.7,0.74,0.54,1.3,2.2,0.55,1.24,NaN,NaN,1.8,1.65,5.6,NaN,0.55,1.55,0.523598775598,0.689397873028,1.8,0.6,0.7,0.7,0.7,1.5,1.7,0.54,1.25,NaN,NaN,1.75,1.75,5.8,NaN,0.7,1.5,0.401425727959,0.617755725566
nh134,14.5,20.7,18.9,2.375,1.25,10.2,5,10.1,26.8,40.4,168,55,98,1.75,0.6,0.54,0.62,0.59,0.98,1.72,0.56,0.95,1.8,0.89,1.5,1.55,6,3.52,0.55,1.3,0.471238898038,1.17967087983,1.6,0.55,0.45,0.65,0.56,1.4,1.3,0.5,1.22,1.79,0.8,1.85,1.6,5.95,3,0.7,1.75,0.418879020479,1.03961870757
nh135,15,23.7,20.9,2.95,2.6,11.7,4,11.6,32.9,43.6,183.5,59,118,2.16,0.64,0.7,0.72,0.61,1.7,1.4,0.85,0.6,1.68,1.2,1.6,1.85,6.45,3.38,0.6,0.7,0.349065850399,0.487452635186,2,0.8,0.75,0.81,0.68,2.3,2.3,0.95,1.1,1.65,0.9,1.88,1.9,6.46,3.45,0.58,1.5,0.331612557879,0.594963047984
nh136,14.8,21,18.8,2.625,1.65,11.3,2.8,10.4,30.2,38.3,172,56,100,1.1,0.6,0.66,0.9,0.75,1.8,1.6,0.6,1,1.8,0.9,1.68,1.6,5.35,2.65,0.5,1.2,0.418879020479,0.641364359908,1.4,0.71,0.85,0.8,0.8,1.9,2,0.65,1.1,1.8,0.9,1.8,1.5,5.35,2.5,0.6,1.6,0.366519142919,0.64110876886
nh137,16.3,23.8,20.6,2.2,2.25,12.3,4.4,10.8,31.1,42.5,174,61,109,2,0.6,0.75,0.7,0.74,1.24,1.28,0.61,1.2,2,0.8,1.3,1.7,6.2,2.7,0.5,1.38,0.383972435439,0.532843887619,1.9,0.56,0.71,0.7,0.75,1.45,1.95,0.58,1.05,1.92,0.8,1.79,1.6,6,2.98,0.55,1.15,0.349065850399,0.506419002798
nh138,15.7,23.4,23,2.1,2.85,15.5,5.5,14.2,34.8,42.3,169,61,106,1.9,0.75,0.7,0.85,0.65,1.4,1.5,-0.1,1.3,1.98,1.85,1.98,1.8,6.1,3,0.93,1.7,0.401425727959,0.426627493127,1.8,0.8,0.8,0.85,0.54,2.05,1.54,-0.4,1.52,1.6,1.1,2,1.7,6.25,3.1,0.8,1.54,0.349065850399,0.647591065538
nh139,15.4,22,20.4,2.05,2.15,12.6,5.7,11.8,30.3,46.4,185,59,113,1.42,0.7,0.71,0.72,0.5,1.7,1.35,0.5,1.2,1.8,1.15,1.7,1.85,6.05,2.88,0.55,1.4,0.558505360638,0.585112438184,1.5,0.68,0.95,0.8,0.5,1.88,1.7,0.4,1.29,1.75,1.14,1.9,2.08,6.25,2.95,0.54,1.48,0.506145483078,0.656348367663
nh140,15,22.5,19.7,1.9,1.85,11.1,3,9.8,24.1,37.3,180,57,100,1.5,0.65,0.7,0.65,0.45,1.15,1.6,0.76,0.95,1.75,0.8,1.6,1.45,5.9,3.15,0.6,1.15,0.663225115758,0.517649109377,1.39,0.9,0.69,0.71,0.69,1.75,2.1,0.6,1.21,1.7,0.8,1.7,1.75,5.84,3.09,0.55,1.4,0.541052068118,0.502642205905
nh143,15.6,22.9,18.9,1.2,1.8,10.4,3.8,9.5,25.3,35.9,166,57,99,2,0.62,0.6,0.7,0.48,1.5,2.18,0.7,1.2,1.6,0.8,1.35,1.4,5.9,2.93,0.48,1.64,0.401425727959,0.643501108793,1.86,0.61,0.65,0.55,0.6,1.59,2.01,0.4,1.05,1.49,0.75,1.45,1.5,6.12,2.9,0.48,1.25,0.314159265359,0.850997335228
nh146,16.4,23.4,20.4,3,1.365,12.3,4.1,11.2,34.3,44.8,182,60,107,1.65,0.65,0.69,0.98,0.65,1.4,2.1,0.6,1.5,1.9,0.84,1.6,1.7,6.4,3.5,0.7,1.72,0.471238898038,0.521101965343,1.67,0.72,0.75,0.68,0.6,2.35,2.37,0.4,1.42,2,0.91,1.92,2.05,6.25,2.79,0.7,1.6,0.453785605519,0.600917014687
nh157,14.3,23.3,19.2,2.625,0.86,10.6,4.2,10.8,27.6,38.5,168.5,55,101,1.9,0.55,0.42,0.58,0.42,0.98,1.05,0.61,1.12,1.6,0.55,1.6,1.28,5.6,3,0.5,1.31,0.383972435439,0.6153402624,1.89,0.62,0.5,0.45,0.55,0.99,1.19,0.51,0.8,1.7,0.65,1.6,1.35,5.6,2.58,0.4,1.5,0.314159265359,0.700915500955
nh159,15.2,21.2,19.4,2.16,1.495,10.4,4.6,9.8,26.4,40.3,175,56,100,1.05,0.66,0.7,0.82,0.6,1.3,2.02,0.7,1.1,1.9,0.69,1.5,1.9,6.15,2.94,0.6,1.09,0.279252680319,0.454078820833,1.46,0.87,0.7,0.9,0.64,1.75,2.3,0.75,1.15,1.72,0.79,1.68,1.92,6.3,3.38,0.6,1.22,0.331612557879,0.601073941094
nh235,15.9,23.5,20.9,1.7,1.32,11.4,4.2,11.4,31.7,43.2,188,60,101.5,1.45,0.68,0.8,0.5,0.7,2.1,1.95,0.63,1.98,1.9,1,1.6,2.5,6.85,3.7,0.65,1.58,0.436332312999,1.13162593747,1.65,0.8,0.95,0.54,0.54,1.65,2.12,0.6,1.08,2.2,0.94,1.71,2.69,7.2,3.25,0.82,1.48,0.331612557879,1.01373942668
nh236,15.5,22.4,19.9,2.25,2.09,1.2,3.1,11.7,28.7,45.8,169,59.5,117,2.11,0.75,0.58,0.7,0.5,2.1,2.05,0.71,1.34,2.08,0.96,1.55,2.32,7.1,2.98,0.54,1.53,0.418879020479,0.913295055766,2.3,2.82,0.44,0.39,0.7,1.82,2.1,0.69,1.24,2.08,1.04,1.94,2.51,7.35,3.51,0.54,1.8,0.471238898038,1.06795311587
nh240,15.3,23.3,20.3,2.015,2.61,13.3,2.05,11.7,28.4,42.1,179,59,111,1.82,0.65,0.6,0.95,0.72,1.58,1.94,0.65,1.15,1.7,0.72,1.45,0.68,6.38,2.86,0.6,1.43,1.1344640138,0.886179162482,2.26,0.75,0.62,0.98,0.62,2.42,2.7,0.78,1.25,1.9,0.8,1.35,1.96,6.3,3,0.69,1.38,1.29154364648,0.992573362556
nh241,15,23.6,18.8,2.6,3.07,12,5.6,10.8,34.3,43.5,193,58,107,1.84,0.6,0.7,0.82,0.6,1.97,2,0.42,1.18,2,1.18,1.72,1.94,6.45,3.5,0.65,1.45,1.2217304764,0.966016773982,1.74,0.75,0.64,0.93,0.64,2.06,1.65,0.65,1.18,1.9,0.9,1.8,1.56,6.4,3,0.7,1.32,1.15191730632,1.07475264843
nh242,14.6,21.5,19.8,2,1.625,10.8,5.2,12.1,30.9,44.5,182,57,112,1.62,0.7,0.68,0.6,0.52,1.42,1.98,0.69,1.2,1.87,1.2,1.9,2.18,6.61,3.4,0.55,1.62,1.15191730632,1.02164342412,1.54,0.78,0.68,0.45,0.5,2,2.12,0.72,1.21,1.92,0.9,1.62,2.34,6.9,3.5,0.6,1.68,1.29154364648,1.12057073053
nh249,15.6,20,20.6,1.525,1.275,12.2,1.7,12,34.6,45.2,176,60,118,2,0.75,0.75,0.65,0.57,1.4,1.72,0.5,1.3,1.78,1.1,1.7,1.74,7.11,3.31,0.56,1.6,1.1344640138,0.933247528656,2,0.8,0.8,0.82,0.65,1.39,1.7,0.5,1.25,1.8,1,1.94,1.89,6.6,3.38,0.7,1.43,1.25663706144,0.971343841953
nh252,16,22.7,21,2.605,2.175,13.2,7,9.8,36.9,45.8,193,61,118,1.95,0.8,0.8,0.72,0.48,1.59,1.6,0.5,0.94,2,1.05,1.62,0.75,6.62,3.12,0.62,1.8,0.436332312999,0.87733682228,1.88,0.9,0.7,0.8,0.6,2.49,1.8,0.65,1.22,2.2,1.94,1.55,1.9,6.85,3.19,0.62,1.45,0.488692190558,1.03729872797
nh253,15,21.7,18.5,2.63,-0.755,9.1,3.5,11.2,26,37.8,160,56,96,1.78,0.57,0.54,0.6,0.38,1.25,1.5,0.69,0.9,1.95,0.72,1.5,1.6,6.2,3,0.64,1.39,0.488692190558,0.980978843207,1.6,0.61,0.62,0.71,0.51,1.6,1.79,0.36,0.88,1.86,0.8,1.53,1.24,5.6,2.8,0.6,1.1,0.354301838155,1.05228392603
nh257,14.6,21.6,18.6,2.7,1.075,10.8,5.3,9.3,26.6,38,164.5,54,95,1.59,0.66,0.56,0.69,0.42,1.52,1.68,0.58,1,1.76,0.8,1.59,1.5,5.7,2.62,0.42,1.21,0.610865238198,1.05604686228,1.55,0.69,0.6,0.69,0.62,1.58,1.41,0.4,0.98,1.6,0.8,1.25,1.7,5.8,2.81,0.51,1.2,0.541052068118,1.0316346875
nh258,14.8,19.5,19.1,1.365,2.225,9.8,4.1,9.4,26.8,35.4,163,56,95,1.68,0.63,0.38,0.6,0.5,1.36,1.5,0.48,1.14,1.94,0.76,1.3,1.48,5.85,2.58,0.51,1.55,0.349065850399,0.890408917194,1.65,0.62,0.42,0.51,0.6,1.4,1.39,0.51,1.13,1.9,0.69,1.5,1.5,5.92,2.84,0.53,1.12,0.418879020479,0.954499389399
nh259,15.8,21.7,17.9,1.92,1.65,10.8,4.5,10.2,29,40.6,163,55,99,1.8,0.64,0.5,0.6,0.61,1.29,1.65,0.66,1.28,2.05,0.85,1.12,1.42,6.1,2.53,0.65,1.4,0.331612557879,1.00250947813,1.81,0.61,0.68,0.92,0.9,1.7,1.7,0.61,1.1,2,0.69,1.48,0.9,6.2,2.42,0.5,1.62,0.366519142919,1.00963291451
nh709,16.2,23.5,20.5,1.15,-0.7,11.8,4.9,10,26.6,41.4,170,59.5,104,1.6,0.6,0.6,0.75,0.5,1.42,0.62,0.43,0.95,1.94,0.6,2.11,1.38,5.6,3.3,0.72,0.85,0.558505360638,1.01325521211,1.35,0.7,0.7,0.75,0.55,1.35,1.08,0.6,1.05,1.82,0.55,2.02,1.2,5.6,2.69,0.88,1.15,0.436332312999,0.977046660084
nh710,14.7,24.3,20.3,1.1,1.045,11.3,5.4,11.5,29.9,43.4,175,58.5,105.5,2.21,1.79,0.58,0.74,0.58,1.42,1.2,0.55,1.32,2.2,0.84,1.89,2.27,7.31,3.31,0.65,1.35,0.506145483078,0.858949453886,2.15,0.62,0.64,0.59,0.8,1.74,1.87,0.83,0.96,2.08,0.86,3,2.3,7.08,3.59,0.72,1.4,0.506145483078,0.978609647245
nh711,14.3,22.2,20.7,1.675,2.29,11.1,5.7,10.6,28.9,42,186,58,103,1.5,0.87,0.84,0.69,0.59,1.94,2.22,0.65,1.3,1.9,0.82,1.79,2.08,6.45,2.94,0.67,1.56,0.506145483078,1.1380313446,1.82,0.8,0.68,0.7,0.6,2.05,1.64,0.69,1.1,1.8,0.63,1.74,2.18,6.5,3.35,0.7,1.49,0.541052068118,0.985983505092
nh719,14.6,22,20.3,1.315,0.93,11,6.5,10.8,31,43.5,176,58,106,1.64,0.62,0.79,0.86,0.59,2.45,2.1,0.58,1.1,2.14,0.85,1.52,1.33,6.15,2.89,0.68,1.38,0.453785605519,0.904827089416,1.7,0.95,1.04,0.95,0.54,2.24,2.55,0.5,1.19,2.14,0.72,0.94,1.62,6.4,2.92,0.75,1.6,0.471238898038,0.930012602617
nh720,15.2,23.8,20.4,2.925,1.835,12.2,6.1,14.7,31.6,43.8,194,58,107,1.84,0.64,0.6,1.1,0.55,2.15,2.2,0.83,1.21,2.12,0.9,1.7,2.1,6.4,2.61,0.8,0.93,0.366519142919,0.945406127223,1.8,0.7,0.7,0.86,0.6,2.34,1.99,0.8,1.13,2,0.8,1.79,1.9,6.78,2.94,0.8,0.6,0.593411945678,0.961990482934
